<topology asn="100">
  <!-- Internal routers -->
  <node internal="true" name="A"></node>
  <node internal="true" name="B"></node>
  <node internal="true" name="C"></node>
  <node internal="true" name="D"></node>
  <node internal="true" name="E"></node>
  <node internal="true" name="F"></node>
  <node internal="true" name="G"></node>
  <edge source="A" target="B"></edge>
  <edge source="A" target="C"></edge>
  <edge source="B" target="D"></edge>
  <edge source="B" target="E"></edge>
  <edge source="C" target="D"></edge>
  <edge source="C" target="F"></edge>
  <edge source="D" target="E"></edge>
  <edge source="D" target="F"></edge>
  <edge source="E" target="G"></edge>
  <edge source="F" target="G"></edge>
</topology>
